CompanyNumber,CompanyName,best_target,best_rank,best_score,sector,post_town,raw_hits,n_verified,fetch
07603206,ASH15 LTD,voluntary_exit,1,0.924467473259121,Fast growth & emerging,SWANLEY VILLAGE,0,0,cache
14772861,ASITE 3D REPO LTD,growth,6,0.4543367878609188,Fast growth & emerging,LONDON,0,0,cache
14182255,ATC183 LIMITED,insolvency,44,0.2334527852745441,"Technology, legal & professional",CHELTENHAM,0,0,cache
07296415,CAPITALINVEST HOLDING LTD,insolvency,4,0.4452615017524295,"Technology, legal & professional",LONDON,0,0,cache
03188994,CASTLE AIR LIMITED,lending,3,0.5318884425107343,Manufacturing,LISKEARD,0,0,cache
16389695,CCW CONS LIMITED,voluntary_exit,14,0.9161933840127096,Fast growth & emerging,MANCHESTER,0,0,cache
16389053,DAXIRUSH LTD,voluntary_exit,41,0.9161933840127096,Fast growth & emerging,LONDON,0,0,cache
12686607,DE NOVO CONSULTING SERVICES LIMITED,growth,85,0.2898295184394195,Fast growth & emerging,LANGSTONE,0,0,cache
16392418,ELEVARE AFRICA LIMITED,voluntary_exit,48,0.9161933840127096,Fast growth & emerging,LONDON,0,0,cache
10884713,ELITE PROPERTIES LIVERPOOL LIMITED,lending,53,0.4007268903783838,"Technology, legal & professional",LIVERPOOL,0,0,cache
09681748,ELIXIR DISTILLERS LTD,growth,96,0.2819890009711835,"Technology, legal & professional",LONDON,0,0,cache
10402530,ELLIS & FARAH LIMITED,insolvency,12,0.4242173385878755,"Technology, legal & professional",GERRARDS CROSS,0,0,cache
10158846,EN DASH LIMITED,insolvency,58,0.2053426566257471,Fast growth & emerging,LEIGHTON BUZZARD,0,0,cache
16387942,ENERGY NETWORK TECHNOLOGY LTD,voluntary_exit,88,0.9161933840127096,Fast growth & emerging,MILTON KEYNES,0,0,cache
16389126,ENGAGE AND MONETISE LIMITED,voluntary_exit,33,0.9161933840127096,Fast growth & emerging,SWANSEA,0,0,cache
06841737,GOVTECH SOLUTIONS LIMITED,growth,4,0.4599158392379402,Fast growth & emerging,BEDFORD,0,0,cache
14128047,GOWEB3 LTD,insolvency,42,0.2399578501829617,Fast growth & emerging,LONDON,0,0,cache
16388839,GPB ANALYSIS LTD,voluntary_exit,74,0.9161933840127096,Fast growth & emerging,MALMESBURY,0,0,cache
04781357,GRACE PRODUCTIONS LIMITED,insolvency,85,0.1767139046296831,"Technology, legal & professional",HARROW,0,0,cache
SC433541,GREEN MARINE (UK) LIMITED,lending,51,0.4017973608364297,"Technology, legal & professional",STROMNESS,0,0,cache
07046809,GROSVENOR POINT LIMITED,insolvency,16,0.4031018402509793,"Technology, legal & professional",LONDON,0,0,cache
11602096,JAKE GURR FINANCIAL SERVICES LIMITED,insolvency,18,0.3972533566923503,"Technology, legal & professional",WHITCHURCH,0,0,cache
SC010528,JAMES DONALDSON GROUP LTD,lending,77,0.3765665572305127,Manufacturing,GLENROTHES,0,0,cache
08526604,JAMJAR CONSULTING LIMITED,insolvency,63,0.2009617851873318,"Technology, legal & professional",MEPPERSHALL,0,0,cache
01295221,JET2 PLC,lending,11,0.4805157328965456,"Technology, legal & professional","YEADON, LEEDS",17,0,cache
16387533,LOUDTECH LIMITED,voluntary_exit,95,0.9161933840127096,Fast growth & emerging,LONDON,0,0,cache
15123075,MILNE PUBLISHING LIMITED,insolvency,52,0.2140881492701007,"Technology, legal & professional",LONDON,0,0,cache
16385534,MK LABS LTD,voluntary_exit,65,0.9161933840127096,Fast growth & emerging,LONDON,0,0,cache
14519863,RENAISSANCE PHARMA LTD,growth,36,0.3437549873669174,Fast growth & emerging,SURREY,0,0,cache
09577543,RGL ASSOCIATES LIMITED,insolvency,88,0.1763433311747713,"Technology, legal & professional",MANCHESTER,0,0,cache
16391130,RICHARDSON INTELLIGENT SYSTEMS LTD,voluntary_exit,99,0.9161933840127096,Fast growth & emerging,REDCAR,0,0,cache
16384510,STANKNETIC LTD,voluntary_exit,8,0.9161933840127096,Fast growth & emerging,MILDENHALL,0,0,cache
08369329,STARRY1HRCONSULTING LIMITED,insolvency,28,0.3679226067004264,"Technology, legal & professional",SOUTHAMPTON,0,0,cache
10377735,STATSBOMB SERVICES LIMITED,growth,12,0.4114612449914509,Fast growth & emerging,LONDON,0,0,cache
04797346,STEELSTRIP SERVICES LIMITED,growth,50,0.3212094351482678,Manufacturing,DUDLEY,0,0,cache
08637989,STRATUS ACCOUNTING LIMITED,insolvency,47,0.2286483003075367,"Technology, legal & professional",WINCHESTER,0,0,cache
11099346,TRL SOFTWARE LIMITED,growth,69,0.3042013915310501,Fast growth & emerging,WOKINGHAM,0,0,cache
12413758,TUPRAS TRADING LTD,lending,29,0.4351747276786033,Manufacturing,LONDON,0,0,cache
07753583,TWO CIRCLES LIMITED,growth,84,0.2903871176885984,Fast growth & emerging,LONDON,0,0,cache
14477477,APG BRISTOL LIMITED,growth,26,0.3664309640418759,"Technology, legal & professional",LONDON,0,0,cache
13604484,APG DIGITAL LIMITED,lending,94,0.3596970441213861,Fast growth & emerging,LONDON,0,0,cache
14477466,APG EXETER LIMITED,growth,31,0.3563168048767642,"Technology, legal & professional",LONDON,0,0,cache
13604507,APG TECHNOLOGIES LIMITED,lending,93,0.3596970441213861,Fast growth & emerging,LONDON,0,0,cache
05357998,APLX LTD,growth,8,0.427749018279136,Fast growth & emerging,LEEDS,0,0,cache
09654369,APOIDEA SOLUTIONS LIMITED,insolvency,1,0.4778962445219394,"Technology, legal & professional",HEMEL HEMPSTEAD,0,0,cache
01006739,APPLIED PHOTOPHYSICS LIMITED,insolvency,82,0.1785703546176229,Manufacturing,LEATHERHEAD,0,0,cache
16392947,ARDOUSCORP LTD,voluntary_exit,98,0.9161933840127096,Fast growth & emerging,CROYDON,0,0,cache
16388001,BRIDGADS LTD,voluntary_exit,13,0.9161933840127096,Fast growth & emerging,"WEST MIDLANDS, ENGLAND",0,0,cache
13827341,BRIDGEPARK CAPITAL LTD,lending,55,0.3968345719175465,Fast growth & emerging,LONDON,0,0,cache
11635643,BRIDGLAND AND BRIDGLAND C/O LIMITED,insolvency,27,0.369779953095269,Fast growth & emerging,ASHFORD,0,0,cache
15324653,BUDDY MOON LTD,insolvency,87,0.1763689809991799,"Technology, legal & professional",BRENTFORD,0,0,cache
11457392,CLOCKWISE GROUP LIMITED,lending,23,0.4422543597389985,"Technology, legal & professional",LONDON,9,0,cache
NI648509,DRINKSOLOGY LIMITED,lending,48,0.4022891520745528,"Technology, legal & professional",BELFAST,0,0,cache
16386302,DROPPSO LTD,voluntary_exit,32,0.9161933840127096,Fast growth & emerging,LONDON,0,0,cache
03382084,DUNBIA (UK),lending,75,0.3779873927233795,Manufacturing,EXETER,0,0,cache
09281484,FOUNTAIN RIDGE LTD,insolvency,53,0.2133717081094769,"Technology, legal & professional",DUNMOW,0,0,cache
16386913,FUNKY CART LTD,voluntary_exit,64,0.9161933840127096,Fast growth & emerging,BROMSGROVE,0,0,cache
16387479,FUNZPAYMENT LTD,voluntary_exit,12,0.9161933840127096,Fast growth & emerging,"WEST MIDLANDS, ENGLAND",0,0,cache
16386444,FURYON CONSULTING LTD,voluntary_exit,43,0.9161933840127096,Fast growth & emerging,LONDON,0,0,cache
02690536,FUTURE GARMENTS LIMITED,growth,5,0.4597445342191624,Manufacturing,WARLEY,0,0,cache
10902333,INFINITE CHIMP LTD,insolvency,99,0.1707041388499091,"Technology, legal & professional",LONDON,0,0,cache
10175585,INFINITY OFFICE LIMITED,insolvency,59,0.2047249988729618,"Technology, legal & professional",BOURNEMOUTH,0,0,cache
07132859,INFORM BILLING SOLUTIONS LIMITED,growth,75,0.2992171223914857,Fast growth & emerging,LONDON,0,0,cache
02248449,INFORMATION AND DATA NETWORKS SUPPLIES LIMITED,growth,98,0.2814714779983894,Fast growth & emerging,BOLTON,0,0,cache
07428128,INPHTECH LIMITED,insolvency,67,0.1994775208149638,Fast growth & emerging,WOKING,0,0,cache
16440463,INTELLISCAPE LIMITED,growth,93,0.2845257081965892,Fast growth & emerging,CHIPPENHAM,0,0,cache
11082181,INTERGLOBE ENTERPRISES (UK) LIMITED,lending,12,0.4790183239159825,"Technology, legal & professional",ADDLESTONE,0,0,cache
03583482,KW PROPERTIES (COBBYDALE) LTD,insolvency,19,0.3896984409771764,"Technology, legal & professional",SHELF,0,0,cache
04227934,L & C EUROPE LIMITED,lending,27,0.4360581524195432,"Technology, legal & professional",KINGSWINFORD,0,0,cache
02196600,L.C.P. MANAGEMENT LIMITED,lending,50,0.4020117830773694,"Technology, legal & professional",KINGSWINFORD,0,0,cache
13257177,LA FABRICATIONS (SOUTH EAST) LIMITED,lending,71,0.3806965534918659,Manufacturing,MAIDSTONE,0,0,cache
SC845423,LADA.AI LTD,voluntary_exit,2,0.9161933840127096,Fast growth & emerging,HUNTLY,0,0,cache
13813174,LAKESHORE CONSULTING LTD,insolvency,74,0.1880536548908111,"Technology, legal & professional",LONDON,0,0,cache
12686388,MORE THAN VENICE LTD,insolvency,81,0.1785726839973057,Fast growth & emerging,BIRMINGHAM,0,0,cache
11769911,MORRIS LINE ENGINEERING LIMITED,growth,48,0.3236900189431865,Manufacturing,BRIDGEND,0,0,cache
06587174,MOS MANAGEMENT SERVICES LIMITED,insolvency,96,0.1722127825685452,"Technology, legal & professional",CHRISTCHURCH,0,0,cache
16389867,MOTECH GROUP LTD,voluntary_exit,15,0.9161933840127096,Fast growth & emerging,BILLINGHAM,0,0,cache
12723324,MS LENDING GROUP LIMITED,lending,1,0.5771819740849737,Fast growth & emerging,MANCHESTER,0,0,cache
11309482,PRAESTANTIA TECHNOLOGY LIMITED,growth,3,0.4658834155773156,Fast growth & emerging,REDRUTH,0,0,cache
01421991,PRAYBOURNE LIMITED,growth,72,0.3024281641275272,Manufacturing,BROOMHALL,0,0,cache
12020842,PRICE CREATIVE LTD,insolvency,98,0.1710969897976701,"Technology, legal & professional",GUILDFORD,0,0,cache
16385835,PRIVATE AI SYSTEMS LTD,voluntary_exit,60,0.9161933840127096,Fast growth & emerging,LONDON,0,0,cache
16386806,PRIVATE SECURE AI LTD,voluntary_exit,89,0.9161933840127096,Fast growth & emerging,LONDON,0,0,cache
12576961,PRO HEALTH SOLUTIONS LTD,growth,51,0.320973408558588,Manufacturing,LONDON,0,0,cache
11641444,SHAFTESBURY UK DISTRIBUTION LTD,lending,86,0.3689201322430924,"Technology, legal & professional",LONDON,0,0,cache
12875094,SHAW GIBBS (AUDIT) LIMITED,lending,73,0.3790403440195921,"Technology, legal & professional",OXFORD,0,0,cache
16387839,SHENGXING CULTURE MEDIA LTD,voluntary_exit,45,0.9161933840127096,Fast growth & emerging,MILTON KEYNES,0,0,cache
16388582,SHEPHERDSTACK LTD,voluntary_exit,39,0.9161933840127096,Fast growth & emerging,KINGTON,0,0,cache
14941588,SHERBET REWARDS & MOTIVATION TECHNOLOGIES LIMITED,growth,67,0.3048632559868134,Fast growth & emerging,BRACKLEY,0,0,cache
10844218,SIAN DAVEY PHOTOGRAPHY LTD,insolvency,84,0.1772255833021276,"Technology, legal & professional",TORQUAY,0,0,cache
02913195,SIGMA ASL LIMITED,growth,45,0.327900982942224,"Technology, legal & professional",LEIGH ON SEA,0,0,cache
12066662,SIGPROC LTD,insolvency,5,0.4437550545618836,Fast growth & emerging,READING,0,0,cache
12434583,STRUTHERS ENERGY & POWER LIMITED,growth,97,0.2818173601433241,"Technology, legal & professional",HULL,0,0,cache
10751467,STUART POND DESIGN LIMITED,insolvency,66,0.199977567383488,"Technology, legal & professional",MACCLESFIELD,0,0,cache
16384583,STYLESACK UK LIMITED,voluntary_exit,38,0.9161933840127096,Fast growth & emerging,MANCHESTER,0,0,cache
09025988,SUMEK LTD,insolvency,34,0.3374927130713032,"Technology, legal & professional",LONDON,0,0,cache
05914384,SUNSEEKER INTERNATIONAL (HOLDINGS) LIMITED,lending,33,0.4251425504804157,"Technology, legal & professional",POOLE,1,0,cache
01688505,SUNSEEKER INTERNATIONAL DISTRIBUTION LTD,lending,74,0.3784215617613622,Manufacturing,POOLE,0,0,cache
00675320,SUNSEEKER INTERNATIONAL LIMITED,lending,24,0.438520684224556,Manufacturing,POOLE,1,0,cache
05672642,VIRTUE TECHNOLOGIES LIMITED,growth,63,0.3076947548013175,Fast growth & emerging,SKELMERSDALE,0,0,cache
12800739,VMED O2 UK FINANCING I PLC,lending,26,0.4360999104722269,"Technology, legal & professional",READING,0,0,cache
12923656,ACROSS THE LINE CONSULTING LTD,insolvency,29,0.3662160530819937,"Technology, legal & professional",LONDON,0,0,cache
11739663,ADHD360 LIMITED,growth,33,0.3541533546526417,Fast growth & emerging,HALESOWEN,0,0,cache
07284911,ADVANCED INSTRUMENTS LTD.,growth,1,0.513886986764728,Manufacturing,LONDON,0,0,cache
16384741,ATMOS SUPPLY LIMITED,voluntary_exit,16,0.9161933840127096,Fast growth & emerging,LANCASTER,0,0,cache
10990842,ATS WEB DEVELOPMENT LTD,insolvency,6,0.4424779265170471,"Technology, legal & professional",LONDON,0,0,cache
16389178,AURORA TELEPATHY LIMITED,voluntary_exit,35,0.9161933840127096,Fast growth & emerging,ST HELENS,0,0,cache
09384597,AUTOMATA TECHNOLOGIES LIMITED,lending,47,0.4028815787838686,"Technology, legal & professional",LONDON,0,0,cache
08174072,CHAMBURY CONSULTING LTD,growth,57,0.3132049742713259,Fast growth & emerging,BRIGHTON,0,0,cache
15774674,CHARGING AHEAD LIMITED,insolvency,55,0.2086295037067191,"Technology, legal & professional",PERRANPORTH,3,0,cache
11487443,CHC COACHING LTD,insolvency,14,0.4171879382351297,"Technology, legal & professional",RUISLIP,0,0,cache
16392622,CHICOSA LIMITED,voluntary_exit,100,0.9161933840127096,Fast growth & emerging,MANCHESTER,0,0,cache
07814100,CHORUS INTELLIGENCE LIMITED,growth,46,0.3269565538836746,Fast growth & emerging,WOODBRIDGE,0,0,cache
10138909,EDINBURGH ST JAMES (GP) LIMITED,lending,49,0.4020173121343364,"Technology, legal & professional",LONDON,0,0,cache
15371580,EKORN TECH LTD,growth,76,0.2981880070699904,Fast growth & emerging,MILTON PARK,0,0,cache
09817636,GALILEO GLOBAL TECHNOLOGIES LTD,lending,62,0.3901443020934135,Manufacturing,WHITELEY,0,0,cache
16386990,GC & C GROUP LIMITED,voluntary_exit,69,0.9161933840127096,Fast growth & emerging,BRISTOL,0,0,cache
09064144,GC DYNAMICS LTD,insolvency,92,0.1750084006171566,Manufacturing,BOURNEMOUTH,0,0,cache
16391460,GEWU LTD,voluntary_exit,96,0.9161933840127096,Fast growth & emerging,LONDON,0,0,cache
08436329,ICKLE BUBBA LIMITED,growth,90,0.2859274778224173,Manufacturing,SWANSEA,0,0,cache
11346801,ICS.AI LTD,growth,13,0.4098790113641689,"Technology, legal & professional",BASINGSTOKE,0,0,cache
08092834,ICT4 LIMITED,growth,20,0.3900596017667249,Fast growth & emerging,REDRUTH,0,0,cache
08563469,IMAGINATIVE PROPERTY GROUP LIMITED,lending,43,0.4068165812845176,"Technology, legal & professional",CARDIFF,0,0,cache
07568924,IN THE ZONE LEYLAND LTD,growth,82,0.2904267219612276,"Technology, legal & professional",LEYLAND,0,0,cache
10388935,INCIPER LIMITED,growth,79,0.2936766918886452,Fast growth & emerging,LONDON,0,0,cache
06264478,M PHILLIPS CONSULTANTS LTD,insolvency,75,0.1874260692519533,Fast growth & emerging,BISHOP'S STORTFORD,0,0,cache
06901841,MA COST CONSULTING LIMITED,growth,55,0.3164134097732371,"Technology, legal & professional",MILTON KEYNES,0,0,cache
16389331,MAAL ACADEMY LTD,voluntary_exit,6,0.9161933840127096,Fast growth & emerging,KINGTON,0,0,cache
16386374,NAZBEE GROUP LIMITED,voluntary_exit,82,0.9161933840127096,Fast growth & emerging,LONDON,0,0,cache
16386983,NEPTUNE PULSE LTD,voluntary_exit,49,0.9161933840127096,Fast growth & emerging,SOUTHAMPTON,0,0,cache
16390029,NESTABLE TECHNOLOGIES LIMITED,voluntary_exit,30,0.9161933840127096,Fast growth & emerging,CAMBERLEY,0,0,cache
SC845100,NEXDUNE LIMITED,voluntary_exit,70,0.9161933840127096,Fast growth & emerging,EDINBURGH,0,0,cache
11468874,PGMBM LTD,lending,60,0.3914706292202903,"Technology, legal & professional",LONDON,0,0,cache
07272851,PHAYS LTD,insolvency,100,0.1704213498370616,"Technology, legal & professional",PENISTONE,0,0,cache
08853263,SCHULTZ MEDICAL (UK) LTD,lending,81,0.3735420641808007,Manufacturing,SOUTHPORT,0,0,cache
16384548,SDP DIGITAL LTD,voluntary_exit,93,0.9161933840127096,Fast growth & emerging,LONDON,0,0,cache
16390236,SERVPULSE LTD,voluntary_exit,75,0.9161933840127096,Fast growth & emerging,LONDON,0,0,cache
02878530,SWIFT DENTAL LABORATORY LIMITED,growth,94,0.2844069624971924,Manufacturing,BOLTON,0,0,cache
03094287,T M TRUSTEES LIMITED,lending,5,0.5248619544660396,Fast growth & emerging,SALISBURY,0,0,cache
16385546,TADWALA LIMITED,voluntary_exit,47,0.9161933840127096,Fast growth & emerging,BIRMINGHAM,0,0,cache
05840856,TALKTALK BRANDS LIMITED,lending,84,0.3718187898975891,"Technology, legal & professional",SALFORD,0,0,cache
16385638,TAMAI TECHNOLOGIES LTD,voluntary_exit,62,0.9161933840127096,Fast growth & emerging,MILTON KEYNES,0,0,cache
10198306,VATAX ACCOUNTANCY SERVICES LTD,insolvency,97,0.1714520860971016,"Technology, legal & professional",RUSHDEN,0,0,cache
02091108,VELOCITI SOLUTIONS LIMITED,growth,37,0.3384440684145962,Fast growth & emerging,BROMSGROVE,0,0,cache
16392789,VERICHAINX TECH LTD,voluntary_exit,22,0.9161933840127096,Fast growth & emerging,BIRMINGHAM,0,0,cache
15084559,VICTORY CONVERSIONS LIMITED,growth,68,0.3044841433520882,Manufacturing,HULL,0,0,cache
03707664,VIRGIN MOBILE TELECOMS LIMITED,lending,88,0.3681867461376279,"Technology, legal & professional",READING,0,0,cache
08587686,AFINITI EUROPE TECHNOLOGIES LIMITED,lending,54,0.3979634467349605,Fast growth & emerging,SALFORD,0,0,cache
03295323,AGENDA RESOURCE MANAGEMENT LIMITED,growth,64,0.3072999504919584,"Technology, legal & professional",HULL,0,0,cache
12068803,AIRBASE UK INTERIORS LTD,growth,41,0.3295192905808324,Manufacturing,CRAWLEY,0,0,cache
08954533,AJM FINANCIAL SERVICES LONDON LTD,insolvency,79,0.1791195332769974,"Technology, legal & professional",LONDON,0,0,cache
16391017,BUZZFINCHTECH LTD,voluntary_exit,80,0.9161933840127096,Fast growth & emerging,BASILDON,0,0,cache
01413300,CAMSTAR HERBS LIMITED,growth,47,0.3267685639619421,Manufacturing,EYE,0,0,cache
06581977,ENHANCED MUSIC LIMITED,lending,68,0.3832249511595837,Manufacturing,LONDON,0,0,cache
NI654416,ESTHER WOMEN LIMITED,insolvency,9,0.4313915717219407,Fast growth & emerging,NEWRY,0,0,cache
16983519,EUROVIEW AG LTD,insolvency,83,0.1780029493515103,Manufacturing,WITHAM,0,0,cache
16389363,HOSTIMATIC LTD,voluntary_exit,57,0.9161933840127096,Fast growth & emerging,LONDON,0,0,cache
04181698,HOWEFAB LTD,insolvency,40,0.2590224223024976,Manufacturing,PRESTON,0,0,cache
08302799,HUMBERSIDE BLOCKS (2012) LIMITED,insolvency,60,0.2026705106830419,Manufacturing,DEWSBURY,0,0,cache
11596665,HUNT CONTRACTING SERVICES LTD,insolvency,7,0.4423697042991484,Fast growth & emerging,HEMEL HEMPSTEAD,0,0,cache
15222781,HXCUK SPV1 LTD,lending,83,0.3724930457902368,"Technology, legal & professional",CHESTER,0,0,cache
16386776,HYPERRING ALLIANCE LTD,voluntary_exit,56,0.9161933840127096,Fast growth & emerging,TWICKENHAM,0,0,cache
09765349,MAKROSOFT LIMITED,insolvency,76,0.1868585609641802,Fast growth & emerging,WOKINGHAM,0,0,cache
15368163,MAN PRODUCTIONS LIMITED,growth,99,0.2809799744535375,"Technology, legal & professional",LONDON,0,0,cache
10630540,MARTIN AND COMPANY AUDIT LIMITED,lending,76,0.3769182788557548,"Technology, legal & professional",WINCHESTER,0,0,cache
10086511,ORIGIN COMMUNICATIONS LIMITED,lending,72,0.3791883053582316,"Technology, legal & professional",SALFORD,0,0,cache
08446340,OSTEREO LIMITED,lending,99,0.3580593573982998,"Technology, legal & professional",MANCHESTER,0,0,cache
16390605,PROTECH INSIGHTS LTD,voluntary_exit,36,0.9161933840127096,Fast growth & emerging,LONDON,0,0,cache
01581476,PROUDREED LIMITED,lending,4,0.525672472227238,"Technology, legal & professional",KINGSWINFORD,0,0,cache
12617660,PUBX AI LTD,lending,100,0.355634344432146,Fast growth & emerging,CHIPPING CAMPDEN,0,0,cache
16389516,PUREPLAYERS AGENCY LTD,voluntary_exit,61,0.9161933840127096,Fast growth & emerging,LONDON,0,0,cache
14064420,Q CHISHTI PROPERTIES LIMITED,growth,34,0.352887250740077,Fast growth & emerging,LUTON,0,0,cache
15993216,SAGE MEDIEQUIP LIMITED,growth,61,0.3084481776831179,Manufacturing,SOUTHALL,0,0,cache
10170660,SAHASRA FUSION TECHNOLOGIES LIMITED,insolvency,93,0.1749466029917405,Fast growth & emerging,SWINDON,0,0,cache
16389746,SAHITHI LIMITED,voluntary_exit,25,0.9161933840127096,Fast growth & emerging,LUTON,0,0,cache
09037573,SAI TECH PVT. LTD,insolvency,50,0.216069645021477,Fast growth & emerging,SLOUGH,0,0,cache
16391425,SAIRUS LTD,voluntary_exit,21,0.9161933840127096,Fast growth & emerging,LONDON,0,0,cache
12018992,SAMUEL E LEWIS LTD,insolvency,61,0.2024300832745689,"Technology, legal & professional",READING,0,0,cache
16388817,SANIA DIGITAL SERVICES LTD,voluntary_exit,40,0.9161933840127096,Fast growth & emerging,MANCHESTER,0,0,cache
09642494,SASHA BALLA PHOTOGRAPHY LTD.,insolvency,51,0.215667127220137,"Technology, legal & professional",UPMINSTER,0,0,cache
06714614,SAVVY IT LIMITED,growth,95,0.2823182677553986,Fast growth & emerging,MANCHESTER,0,0,cache
12045967,SB CONSULTING SOLUTIONS LIMITED,insolvency,39,0.2728477863479012,"Technology, legal & professional",DIDCOT,0,0,cache
16387660,SBUSSHOP LTD,voluntary_exit,79,0.9161933840127096,Fast growth & emerging,LONDON,0,0,cache
16390439,SCALING EDGE AI LTD,voluntary_exit,83,0.9161933840127096,Fast growth & emerging,LONDON,0,0,cache
08281645,TETRA REAL ESTATE LIMITED,lending,91,0.3669474420404784,"Technology, legal & professional",STOCKTON,0,0,cache
04171318,TGC INTERNATIONAL LIMITED,growth,53,0.3188583619100538,Manufacturing,ROCHESTER,0,0,cache
02465785,THE BRECKS COMPANY LIMITED,growth,71,0.3029725865609721,Manufacturing,BUBWITH,0,0,cache
10828250,ZAMEG STUDIOS LTD,insolvency,45,0.2318329037337209,Manufacturing,BIRMINGHAM,0,0,cache
08294659,ZESTY LIMITED,growth,21,0.3797751904690357,Fast growth & emerging,LONDON,0,0,cache
16387843,ZINATITECH LTD,voluntary_exit,44,0.9161933840127096,Fast growth & emerging,LONDON,0,0,cache
16386849,ALINAPARKERRVLT LTD,voluntary_exit,66,0.9161933840127096,Fast growth & emerging,MANCHESTER,0,0,cache
11636665,ALPHA EDGE LTD,insolvency,10,0.4313915717219407,Fast growth & emerging,TRING,0,0,cache
15147181,BEDRE AND BEDRE LIMITED,insolvency,57,0.2062292299244617,"Technology, legal & professional",UXBRIDGE,0,0,cache
16385441,BEKZAT TECH LTD,voluntary_exit,37,0.9161933840127096,Fast growth & emerging,EAST HAM,0,0,cache
16384481,BEYONDTHEORY TECHNOLOGIES LTD,voluntary_exit,27,0.9161933840127096,Fast growth & emerging,LEEDS,0,0,cache
07652159,CUMMING MANAGEMENT GROUP UK LTD,growth,25,0.3667012911536229,"Technology, legal & professional",LONDON,0,0,cache
16385366,CVMASTERMIND LIMITED,voluntary_exit,84,0.9161933840127096,Fast growth & emerging,SHEFFIELD,0,0,cache
16391165,DADI ANALYTICS LTD,voluntary_exit,68,0.9161933840127096,Fast growth & emerging,KINGTON,0,0,cache
00941798,DALE POWER SOLUTIONS LIMITED,growth,43,0.3292128014104761,Manufacturing,SCARBOROUGH,0,0,cache
12153459,DANDOESLIGHTS LTD,insolvency,15,0.4051343723562174,"Technology, legal & professional",HEMEL HEMPSTEAD,0,0,cache
13361850,FLEXSEA LTD,insolvency,41,0.2486267095338011,Manufacturing,LONDON,0,0,cache
07749953,FLOTECH PERFORMANCE SYSTEMS LTD,growth,44,0.3287526144784989,Manufacturing,HARROGATE,0,0,cache
09735009,FLYFORM LTD,growth,14,0.4055246086541109,Fast growth & emerging,CARDIFF,0,0,cache
16391550,FORRUNNER LTD,voluntary_exit,76,0.9161933840127096,Fast growth & emerging,CROYDON,0,0,cache
16385728,HALIFAX RECRUITMENT LTD,voluntary_exit,11,0.9161933840127096,Fast growth & emerging,HALIFAX,0,0,cache
07510381,KERV DIGITAL LIMITED,growth,70,0.3031237234604187,Fast growth & emerging,LONDON,0,0,cache
16384388,KEYSSETECH LTD,voluntary_exit,42,0.9161933840127096,Fast growth & emerging,LONDON,0,0,cache
07263317,KHAN CONSULTING LTD,insolvency,95,0.172810073087695,"Technology, legal & professional",MANCHESTER,0,0,cache
08397116,MASTER-CLOUD LTD.,insolvency,90,0.1756556471358713,"Technology, legal & professional",MANCHESTER,0,0,cache
03113620,MAYCAST-NOKES PRECISION ENGINEERING LTD,growth,83,0.2904257630729886,Manufacturing,ESSEX,0,0,cache
09609828,MBA TRAINING AND CONSULTANCY LIMITED,insolvency,13,0.4183750593916329,"Technology, legal & professional",CODDENHAM,0,0,cache
09668542,OLIVE JAR DIGITAL LTD,growth,30,0.3625551768417824,Fast growth & emerging,LONDON,0,0,cache
16390539,ORBINEX VAULT LTD,voluntary_exit,97,0.9161933840127096,Fast growth & emerging,LONDON,0,0,cache
05590174,RED PLANET PICTURES LIMITED,lending,98,0.3581826067056903,"Technology, legal & professional",LONDON,0,0,cache
16392057,SK NEXUS LTD,voluntary_exit,94,0.9161933840127096,Fast growth & emerging,LONDON,0,0,cache
11253470,SKEWB LTD,growth,17,0.3974263005618352,Fast growth & emerging,WARWICK,0,0,cache
02178783,TOWER PENSION TRUSTEES LIMITED,lending,13,0.4750456307395876,Fast growth & emerging,SALISBURY,0,0,cache
05728557,WATTS GROUP LIMITED,growth,2,0.4900871788163192,"Technology, legal & professional",LONDON,16,0,cache
12944003,WBR GROUP LIMITED,growth,60,0.3099049745668187,"Technology, legal & professional",LEICESTER,0,0,cache
12783424,WBR TRUSTEES LIMITED,lending,69,0.3830208130560013,"Technology, legal & professional",LEICESTER,0,0,cache
09520069,WEBSNIPS LTD,insolvency,43,0.2359117566633274,Fast growth & emerging,LONDON,0,0,cache
11844897,WEDO BUSINESS FINANCE LTD,lending,96,0.3594305668577707,"Technology, legal & professional",OLDHAM,0,0,cache
13963121,WESTWOOD CAPITAL FINANCE LIMITED,lending,42,0.4072618491705129,"Technology, legal & professional",BRIDLINGTON,0,0,cache
11691487,A.S.K. PARTNERS AGENT LIMITED,lending,31,0.4277911374656856,Fast growth & emerging,LONDON,0,0,cache
10419810,A.S.K. PARTNERS LIMITED,lending,10,0.4895216483755207,Fast growth & emerging,LONDON,0,0,cache
14505959,ABERGAVENNY FOOD AND WINES LTD,growth,77,0.2981246952017927,Manufacturing,ABERGAVENNY,0,0,cache
13500563,BLACKCAT NETWORKS LTD,insolvency,48,0.2250611575766935,Fast growth & emerging,HEMEL HEMPSTEAD,0,0,cache
16392147,BLUE FABRIC LTD,voluntary_exit,86,0.9161933840127096,Fast growth & emerging,STRATFORD-UPON-AVON,0,0,cache
16387765,DHANU IT SOLUTIONS LTD,voluntary_exit,5,0.9161933840127096,Fast growth & emerging,WOLVERHAMPTON,0,0,cache
08905651,DICE FM HOLDINGS LTD,lending,70,0.3819575776424321,Fast growth & emerging,LONDON,0,0,cache
14373641,DICE FM UK LTD,growth,65,0.3072428793896398,Fast growth & emerging,LONDON,0,0,cache
SC845366,DIGIFINITY LTD,voluntary_exit,10,0.9161933840127096,Fast growth & emerging,EDINBURGH,0,0,cache
11805908,DIGITAL QUOTIENT SOLUTIONS LTD,growth,49,0.3222290169062229,Fast growth & emerging,LONDON,0,0,cache
16387759,FAD SRL LTD,voluntary_exit,4,0.9161933840127096,Fast growth & emerging,LONDON,0,0,cache
13008682,FANCY DRAGON LIMITED,insolvency,36,0.3224514973487574,Manufacturing,SOUTHAMPTON,0,0,cache
16385419,HEXNOVA LTD,voluntary_exit,9,0.9161933840127096,Fast growth & emerging,MILDENHALL,0,0,cache
11348640,HGGL CONSULTING LTD,insolvency,64,0.2003025601867217,Fast growth & emerging,DORMANSLAND,0,0,cache
12364000,HICOMPLY LTD,growth,81,0.2909280927828479,Fast growth & emerging,DURHAM,0,0,cache
06491117,HIGHCURVE LIMITED,insolvency,30,0.3610691105453485,Fast growth & emerging,TRING,0,0,cache
00159177,HINDUJA AUTOMOTIVE LIMITED,lending,89,0.3673373195885365,"Technology, legal & professional",LONDON,0,0,cache
13614669,HIQMA LIMITED,insolvency,68,0.1987896510313441,"Technology, legal & professional",WATFORD,0,0,cache
16437226,HOPE STUDIOS UK LTD,lending,95,0.3595183165483974,"Technology, legal & professional",LONDON,0,0,cache
16386398,LETSTALKFRIEND LIMITED,voluntary_exit,63,0.9161933840127096,Fast growth & emerging,WOLVERHAMPTON,0,0,cache
06054920,LIVING BRANDS LTD,insolvency,37,0.300201874474803,"Technology, legal & professional",HEMEL HEMPSTEAD,0,0,cache
SC627776,LIZ WILSON COPYWRITING & COMMUNICATIONS LIMITED,insolvency,38,0.2746153567217289,"Technology, legal & professional",HELENSBURGH,0,0,cache
12705598,"MUMANIELA PROJECT, ART AND DESING LTD",insolvency,3,0.4579408405113881,"Technology, legal & professional",LONDON,0,0,cache
16390567,N KAUR CONSULTANCY LTD,voluntary_exit,19,0.9161933840127096,Fast growth & emerging,LONDON,0,0,cache
05394508,NASMYTH DOUGHTY LIMITED,insolvency,94,0.1742756300858794,Manufacturing,COVENTRY,0,0,cache
07823588,NATIONAL INSTITUTE OF AGRICULTURAL BOTANY TRUST,growth,22,0.3741230439223525,Fast growth & emerging,CAMBRIDGE,0,0,cache
16392997,PINNACLE-CONSULTANCY BUSINESS LIMITED,voluntary_exit,20,0.9161933840127096,Fast growth & emerging,BRADFORD,0,0,cache
16390851,PLAYALOPETECH LTD,voluntary_exit,91,0.9161933840127096,Fast growth & emerging,LEEDS,0,0,cache
11966921,PLAYGROUND TELEVISION UK 2 LIMITED,lending,38,0.4196334961357589,"Technology, legal & professional",LONDON,0,0,cache
02006899,PMR SYSTEMS LTD,insolvency,26,0.3725807637979245,Manufacturing,HAMPSHIRE,0,0,cache
05556499,PORTARAMP (UK) LIMITED,growth,86,0.2897397606136545,Manufacturing,CRADLEY HEATH,0,0,cache
13637173,RURAL MENTAL HEALTH MATTERS LIMITED,insolvency,49,0.2203113319472611,"Technology, legal & professional",SHAFTESBURY,0,0,cache
16388591,RVCK LTD,voluntary_exit,23,0.9161933840127096,Fast growth & emerging,LONDON,0,0,cache
06627205,S&W ACCOUNTANCY SERVICES LIMITED,insolvency,25,0.372677043516294,"Technology, legal & professional",FAREHAM,0,0,cache
15069455,SAAM PRIVATE HIRE LTD,insolvency,46,0.2288494777160572,Fast growth & emerging,NEWCASTLE UPON TYNE,0,0,cache
15366121,TECHFLOW MARINE (PORTS & TERMINALS) LTD,growth,24,0.3715035825003587,Manufacturing,NORTHUMBERLAND,0,0,cache
09085579,TELCOM NETWORKS LIMITED,growth,16,0.3995481803141968,"Technology, legal & professional",MANCHESTER,0,0,cache
09932771,TEN 0 EIGHT LTD,insolvency,17,0.4003722589993164,"Technology, legal & professional",OAKMERE,0,0,cache
09042505,UKTTF LIMITED,insolvency,73,0.1887967665426409,Manufacturing,LANCASHIRE,0,0,cache
11494446,UNIX ACCOUNTING LTD,insolvency,31,0.3529968141711989,"Technology, legal & professional",BURNHAM-ON-CROUCH,0,0,cache
16384791,UPTIMEASE LTD,voluntary_exit,28,0.9161933840127096,Fast growth & emerging,MANCHESTER,0,0,cache
10771684,URBANCHAIN LTD,growth,91,0.2856077720884933,Fast growth & emerging,LONDON,0,0,cache
SC156515,2 AGRICULTURE LIMITED,lending,52,0.4010961205269384,Manufacturing,NEWBRIDGE,0,0,cache
16389397,2E CONSULTING LTD,voluntary_exit,90,0.9161933840127096,Fast growth & emerging,LONDON,0,0,cache
13947887,3ML PROPERTIES LIMITED,growth,62,0.3079246043391461,"Technology, legal & professional",LONDON,0,0,cache
04125587,88 MARINE PARADE BRIGHTON LIMITED,insolvency,22,0.382405736911241,"Technology, legal & professional",EAST SUSSEX,0,0,cache
07463998,BALLYCLARE LIMITED,growth,28,0.3653942412602456,Manufacturing,STOCKPORT,0,0,cache
SC592655,BANGLEY QUARRY BIOGAS LTD,lending,66,0.3841026743066001,Fast growth & emerging,EDINBURGH,0,0,cache
01692513,BANIJAY UK PRODUCTIONS LIMITED,lending,59,0.3923846713997695,"Technology, legal & professional",LONDON,0,0,cache
08557939,BANKS & SIMPSON CONSULTANCY LIMITED,insolvency,70,0.1976553065507433,"Technology, legal & professional",COVENTRY,0,0,cache
06437348,BARNFATHER WIRE (MIDLANDS) LIMITED,growth,18,0.3924222603499544,Manufacturing,WEDNESBURY,0,0,cache
06893253,BCN GROUP LTD.,growth,40,0.3341509863112479,Fast growth & emerging,MANCHESTER,0,0,cache
12227373,BE-ROLL LTD,insolvency,23,0.3817126917159904,"Technology, legal & professional",LONDON,0,0,cache
16389998,CLOWNS ENTERTAINMENTS LTD,voluntary_exit,18,0.9161933840127096,Fast growth & emerging,LONDON,0,0,cache
09732010,CMAP SOFTWARE LIMITED,growth,15,0.4046342370848459,Fast growth & emerging,MACCLESFIELD,0,0,cache
11731838,COHORT CAPITAL LTD,lending,2,0.5758907407781219,Fast growth & emerging,LONDON,0,0,cache
16387792,COINAREA IO LTD,voluntary_exit,87,0.9161933840127096,Fast growth & emerging,LONDON,0,0,cache
08575062,COMMONPLACE DIGITAL LTD,growth,11,0.4131070588527829,Fast growth & emerging,LONDON,0,0,cache
16385080,DIGITALS SOLUTIONS LTD,voluntary_exit,71,0.9161933840127096,Fast growth & emerging,LONDON,0,0,cache
16385443,DONBRI CONSULTING LTD,voluntary_exit,46,0.9161933840127096,Fast growth & emerging,LONDON,0,0,cache
14967796,GHETTO LABEL U.S. LEGACY RECORDS LIMITED,insolvency,69,0.198667011449157,"Technology, legal & professional",BILSTON,0,0,cache
10061045,GIACOM (CLOUD) HOLDINGS LIMITED,growth,92,0.2848150515580346,Fast growth & emerging,LONDON,0,0,cache
07927175,GLAS TRUST CORPORATION LIMITED,lending,17,0.4623421915247483,Fast growth & emerging,LONDON,0,0,cache
16385301,GLOBAL POSTGRADUATE EDUCATION ALLIANCE,voluntary_exit,17,0.9161933840127096,Fast growth & emerging,LONDON,0,0,cache
SC582522,GOFIBRE HOLDINGS LIMITED,lending,18,0.4622234112472623,"Technology, legal & professional",EDINBURGH,0,0,cache
08531702,ISLE OF WIGHT JOBS LIMITED,insolvency,89,0.1761972925580691,"Technology, legal & professional",COWES,0,0,cache
16389142,ITERATIVE IMPACT LTD,voluntary_exit,34,0.9161933840127096,Fast growth & emerging,WOODSTOCK,0,0,cache
16385759,ITL ENSTITUTE LTD,voluntary_exit,54,0.9161933840127096,Fast growth & emerging,LIVERPOOL,0,0,cache
16389526,ITL IINSTITUTI LTD,voluntary_exit,52,0.9161933840127096,Fast growth & emerging,WOLVERHAMPTON,0,0,cache
SC845213,IVELOP X LTD,voluntary_exit,77,0.9161933840127096,Fast growth & emerging,EDINBURGH,0,0,cache
06014654,LANGDOWNS DFK LIMITED,lending,92,0.3627483571471784,"Technology, legal & professional",EASTLEIGH,0,0,cache
06695717,LATCHAM DIRECT LIMITED,growth,27,0.365772779765214,Manufacturing,HENGROVE,0,0,cache
01459141,LEEC LIMITED,growth,58,0.3101439769010647,Manufacturing,NOTTINGHAM,0,0,cache
12688816,LEGAL WILLS ONLINE LTD,insolvency,11,0.428149202417529,"Technology, legal & professional",LONDON,0,0,cache
14693500,LEGALBNM LTD,insolvency,62,0.2019158370545073,"Technology, legal & professional",LONDON,0,0,cache
09908188,NICOLAS JAMES LIMITED,lending,57,0.3950748648520641,"Technology, legal & professional",SOUTHAMPTON,0,0,cache
16392346,NODEFLOW AI LIMITED,voluntary_exit,81,0.9161933840127096,Fast growth & emerging,LONDON,0,0,cache
05879466,NOMAD FOODS EUROPE LIMITED,lending,7,0.5083735495399625,Manufacturing,WOKING,0,0,cache
04992068,NORTH EAST PROPERTY PARTNERSHIP LIMITED,lending,61,0.3901544701630842,"Technology, legal & professional",GATESHEAD,0,0,cache
16391919,PARTNERS AND COMPANY GROUP LTD,voluntary_exit,92,0.9161933840127096,Fast growth & emerging,LONDON,77,0,cache
16388374,PCKEY GLOBAL SOLUTIONS LTD,voluntary_exit,72,0.9161933840127096,Fast growth & emerging,"RUISLIP,",0,0,cache
04368718,PEAK BIOMEDICAL LTD,insolvency,32,0.339132651143032,"Technology, legal & professional",CHESHIRE,0,0,cache
09833975,PEARLTECH UK LIMITED,growth,7,0.4430564770569164,Fast growth & emerging,BOURNEMOUTH,0,0,cache
16386465,RIZMOS LTD,voluntary_exit,29,0.9161933840127096,Fast growth & emerging,SOUTHAMPTON,0,0,cache
09717071,RJD IT SERVICES LIMITED,insolvency,21,0.3846572123880172,Fast growth & emerging,STAINES-UPON-THAMES,0,0,cache
08088342,SMARTROOF LIMITED,lending,67,0.3836642811961211,Manufacturing,SWADLINCOTE,0,0,cache
08672236,SOLENT MARINE SURVEYS LTD,insolvency,8,0.4355520601900837,"Technology, legal & professional",SOUTHAMPTON,0,0,cache
08033357,SOLUTIONPATH LIMITED,growth,35,0.3514567802891367,Fast growth & emerging,BOURNEMOUTH,0,0,cache
06467245,THE MARKETING LOUNGE PARTNERSHIP LIMITED,growth,9,0.4188659494942153,Fast growth & emerging,LOWER STRETTON,0,0,cache
07667393,THE NETWORKING PEOPLE (TNP) LIMITED,growth,59,0.3099121372820191,"Technology, legal & professional",LANCASTER,0,0,cache
03310580,THE PROACTIVE ACCOUNTANT LTD,insolvency,78,0.1803516792057601,"Technology, legal & professional",LONDON,0,0,cache
00575914,XEROX LIMITED,lending,97,0.3588771542130108,Manufacturing,UXBRIDGE,0,0,cache
03668232,XPRESSNET (UK) LTD,insolvency,33,0.3376828309280907,Fast growth & emerging,KETTERING,0,0,cache
12795105,AMBER LABS LIMITED,growth,66,0.3070025246042143,Fast growth & emerging,LONDON,0,0,cache
12588738,AMBER ORANGE LIMITED,lending,58,0.3943726520478575,"Technology, legal & professional",MORDEN,0,0,cache
16387646,AMJEO LTD,voluntary_exit,51,0.9161933840127096,Fast growth & emerging,LONDON,0,0,cache
08828281,AMTECH BUSINESS SOLUTIONS LIMITED,growth,38,0.3384343885051651,Fast growth & emerging,THATCHAM,0,0,cache
05842285,ANDREW CAMPBELL LIMITED,insolvency,65,0.200289073455384,"Technology, legal & professional",HERTS,2,0,cache
09088709,ANSTEE COIL TECHNOLOGY LIMITED,lending,34,0.4244034569566355,Manufacturing,STONEHOUSE,0,0,cache
09249746,BOATCO UK LTD,lending,21,0.4559634792041581,Manufacturing,ROCHFORD,0,0,cache
09229677,BP3 GLOBAL LIMITED,lending,78,0.3761943828064111,Fast growth & emerging,BRISTOL,0,0,cache
12149503,BRAIN LABS DC LIMITED,growth,88,0.2894821943077492,Fast growth & emerging,LONDON,0,0,cache
12148954,BRAIN LABS UK HOLDCO LIMITED,growth,19,0.3906662182084268,Fast growth & emerging,LONDON,0,0,cache
03322295,BRANTWOOD HOLDINGS LIMITED,insolvency,35,0.3368046152031644,Fast growth & emerging,POOLE,0,0,cache
02457114,COURTNEY INVESTMENTS LIMITED,lending,80,0.3749452768089759,"Technology, legal & professional",LONDON,0,0,cache
SC184280,COWIE SEAFOODS LIMITED,insolvency,77,0.1843244022644863,Manufacturing,PETERHEAD,0,0,cache
16385444,CREATIVE WEB EXPERT LIMITED,voluntary_exit,73,0.9161933840127096,Fast growth & emerging,CHELTENHAM,0,0,cache
09659104,CRUMPSALL ESTATES LIMITED,lending,90,0.3672157112926452,"Technology, legal & professional",MANCHESTER,0,0,cache
16386159,CRYPSISCYBERTECH LTD,voluntary_exit,78,0.9161933840127096,Fast growth & emerging,NEWPORT,0,0,cache
16393118,CRYPTORIA SYSTEMS LTD,voluntary_exit,31,0.9161933840127096,Fast growth & emerging,LONDON,0,0,cache
13303937,CT 13303937 LIMITED,growth,74,0.300651790697187,Fast growth & emerging,LONDON,0,0,cache
15870805,FDOE PRODUCTIONS LTD,growth,80,0.2921890726770927,"Technology, legal & professional",LONDON,0,0,cache
16500748,FENYX F2 LIMITED,lending,36,0.4227537773094128,Fast growth & emerging,LONDON,0,0,cache
10205768,FERN FINANCIAL PLANNING LIMITED,insolvency,56,0.2067327658659343,"Technology, legal & professional",LUDLOW,0,0,cache
16391407,FIGONDTECH LTD,voluntary_exit,24,0.9161933840127096,Fast growth & emerging,HARROGATE,0,0,cache
04818735,FILM & TV HOUSE LIMITED,lending,9,0.497137102836911,"Technology, legal & professional",WINCHESTER,0,0,cache
06702659,FIRESEC COMPLIANCE LIMITED,growth,54,0.3176907497888752,"Technology, legal & professional",WITHAM,0,0,cache
11147688,FIRST BUSINESS DEVELOPMENT LTD,insolvency,20,0.3878845872123988,"Technology, legal & professional",BARNET,0,0,cache
02174882,HARDALL INTERNATIONAL LIMITED,growth,39,0.33799552636812,Manufacturing,DUNSTABLE,0,0,cache
12620180,HARDOWN LTD,insolvency,80,0.1787071619282454,Fast growth & emerging,BRIDPORT,0,0,cache
08246871,HARTSHORNE CROSSROADS GROUP CONTRACTS LIMITED,lending,56,0.3965698926938066,Manufacturing,BATLEY,0,0,cache
14997606,HDM ENERGIES LTD,lending,16,0.4628693739950371,"Technology, legal & professional",HULL,0,0,cache
04420590,HEALTH AND SAFETY SERVICES (UK) LIMITED,insolvency,71,0.1975145423782643,"Technology, legal & professional",TOWCESTER,0,0,cache
13661961,HEALTHCARE SERVICES CONSULTANCY LTD,lending,44,0.4060324896891581,"Technology, legal & professional",DUDLEY,0,0,cache
12630918,HEGETOR LTD,insolvency,91,0.1755086432425395,Fast growth & emerging,LONDON,0,0,cache
02147149,HEL LIMITED,lending,39,0.4172560534997965,Fast growth & emerging,HEMEL HEMPSTEAD,0,0,cache
SC845412,JGCK LIMITED,voluntary_exit,58,0.9161933840127096,Fast growth & emerging,EDINBURGH,0,0,cache
16385990,JOBS UK HELPING YOU ACHIEVE YOUR GOALS LTD,voluntary_exit,3,0.9161933840127096,Fast growth & emerging,BIRMINGHAM,0,0,cache
16390646,JOBS UK MAKE IT EASY LTD,voluntary_exit,59,0.9161933840127096,Fast growth & emerging,BIRMINGHAM,0,0,cache
16390615,JPA IT SOLUTIONS LIMITED,voluntary_exit,55,0.9161933840127096,Fast growth & emerging,LONDON,0,0,cache
09386341,MEDICAL EXAM PREP LTD,insolvency,24,0.3748835081460774,"Technology, legal & professional",KINGSTON UPON THAMES,0,0,cache
14339923,MERCO FS LIMITED,growth,32,0.3560364320704026,Fast growth & emerging,SWINTON,0,0,cache
09068362,MESSRS. KICK & DRUM LTD,insolvency,54,0.2094589476053649,"Technology, legal & professional",LONDON,0,0,cache
16391036,NUMBER CORPORATION LIMITED,voluntary_exit,26,0.9161933840127096,Fast growth & emerging,LONDON,0,0,cache
10664256,NUTREE LIFE LTD,growth,89,0.2868518629348434,Manufacturing,"BURSCOUGH, ORMSKIRK",0,0,cache
13507341,OB TELECOM LIMITED,lending,40,0.4117489680659956,"Technology, legal & professional",SALFORD,0,0,cache
16385860,OBLIVIONCORE LTD,voluntary_exit,85,0.9161933840127096,Fast growth & emerging,BIRMINGHAM,0,0,cache
SC845397,OBOBO LTD,voluntary_exit,7,0.9161933840127096,Fast growth & emerging,EDINBURGH,0,0,cache
05933693,RAMON HOLDINGS LIMITED,growth,10,0.4165227435250669,Manufacturing,SOUTHEND-ON-SEA,1,0,cache
11392308,SPACETIME LABS LIMITED,insolvency,86,0.1766243633530173,Fast growth & emerging,LONDON,0,0,cache
05144979,SPIDERWEBSITES LIMITED,insolvency,2,0.4773266735695337,Fast growth & emerging,PRESTON,0,0,cache
08415666,SSS ENGINEERING SERVICES LTD,insolvency,72,0.1901128873996454,Manufacturing,KINGTON,0,0,cache
16389255,THINK DATA MIGRATION SOLUTIONS LTD,voluntary_exit,50,0.9161933840127096,Fast growth & emerging,LONDON,0,0,cache
16389882,THL GLOBAL INNOVATIONS LTD,voluntary_exit,67,0.9161933840127096,Fast growth & emerging,MANCHESTER,0,0,cache
10007469,THOUGHTRIVER LIMITED,lending,46,0.4036500074213415,Fast growth & emerging,WATERBEACH,0,0,cache
16392251,TIGER HOLDINGS LTD,voluntary_exit,53,0.9161933840127096,Fast growth & emerging,LONDON,12,1,cache
02205891,WINDFALL FILMS LIMITED,lending,87,0.3683911052464916,"Technology, legal & professional",LONDON,0,0,cache
14407269,WINNERS FIRST TRADING LIMITED,growth,78,0.2940094986954053,Fast growth & emerging,LONDON,0,0,cache
09511198,,growth,52,0.3200932244137173,,,0,0,skip
15554147,,growth,100,0.2800306922792549,,,0,0,skip
14382532,,lending,15,0.4667490650385365,,,0,0,skip
SC597190,,lending,82,0.372732921936133,,,0,0,skip
02599024,,lending,8,0.5001727342610349,,,0,0,skip
15016818,,lending,63,0.3885312390123169,,,0,0,skip
15890468,,lending,19,0.4605673715824787,,,0,0,skip
16107952,,growth,23,0.3725819351050042,,,0,0,skip
02591237,,lending,22,0.4465359450639868,,,0,0,skip
09656168,,lending,35,0.4239420299901921,,,0,0,skip
SC676128,,lending,32,0.4273200096821083,,,0,0,skip
05314495,,growth,42,0.3292180652649842,,,0,0,skip
13161842,,lending,28,0.435917319107134,,,0,0,skip
10362628,,lending,6,0.5140772374186816,,,0,0,skip
14703270,,lending,85,0.3692996659233187,,,0,0,skip
10568990,,lending,41,0.4091694771136587,,,0,0,skip
12809596,,lending,64,0.3863447735581843,,,0,0,skip
14351083,,lending,65,0.3859255241676977,,,0,0,skip
SC700538,,lending,79,0.3761737196459586,,,0,0,skip
13866849,,lending,37,0.4202509559766499,,,0,0,skip
16314307,,lending,14,0.4736137131979794,,,0,0,skip
15229418,,lending,30,0.4281854991434567,,,0,0,skip
09671288,,lending,45,0.4051082389687895,,,0,0,skip
10946543,,lending,25,0.4368366358385816,,,0,0,skip
16364484,,lending,20,0.4585152024245847,,,0,0,skip
11843588,,growth,73,0.3016168928506295,,,0,0,skip
15242648,,growth,87,0.2896728539470128,,,0,0,skip
