rank,CompanyNumber,CompanyName,score,reason_1,contribution_1,value_1,reason_2,contribution_2,value_2,reason_3,contribution_3,value_3
1,09654369,APOIDEA SOLUTIONS LIMITED,0.47789624452193946,days_to_next_accounts_due,2.113932702656325,617.0,months_since_last_accounts_filing,1.8502119489776674,1.0,segment,0.9177572491850428,Micro
2,05144979,SPIDERWEBSITES LIMITED,0.47732667356953373,days_to_next_accounts_due,1.9302694687850217,623.0,months_since_last_accounts_filing,1.738195511117887,1.0,segment,0.8977652807847164,Micro
3,12705598,"MUMANIELA PROJECT, ART AND DESING LTD",0.45794084051138817,days_to_next_accounts_due,2.010830157668122,639.0,months_since_last_accounts_filing,1.7285196320701528,1.0,segment,0.904393284479598,Micro
4,07296415,CAPITALINVEST HOLDING LTD,0.4452615017524295,days_to_next_accounts_due,2.042091143993951,639.0,months_since_last_accounts_filing,1.7122494250534401,1.0,segment,0.915339656544554,Micro
5,12066662,SIGPROC LTD,0.44375505456188363,days_to_next_accounts_due,2.05297411338975,630.0,months_since_last_accounts_filing,1.773333325152082,1.0,segment,0.8963778665532257,Micro
6,10990842,ATS WEB DEVELOPMENT LTD,0.44247792651704715,days_to_next_accounts_due,2.0424062755521755,616.0,months_since_last_accounts_filing,1.7119713686074953,1.0,segment,0.9143255563632274,Micro
7,11596665,HUNT CONTRACTING SERVICES LTD,0.44236970429914846,days_to_next_accounts_due,2.04794088783362,619.0,months_since_last_accounts_filing,1.7675355772261636,1.0,segment,0.90155119907939,Micro
8,08672236,SOLENT MARINE SURVEYS LTD,0.43555206019008375,days_to_next_accounts_due,2.1052873258292806,618.0,months_since_last_accounts_filing,1.7988880498434552,1.0,segment,0.9348506286289241,Micro
9,NI654416,ESTHER WOMEN LIMITED,0.43139157172194076,days_to_next_accounts_due,2.05387164792762,612.0,months_since_last_accounts_filing,1.7441824329786115,1.0,segment,0.9174534470809481,Micro
10,11636665,ALPHA EDGE LTD,0.43139157172194076,days_to_next_accounts_due,2.0547346828118167,618.0,months_since_last_accounts_filing,1.7490644115854002,1.0,segment,0.9171579610428221,Micro
11,12688816,LEGAL WILLS ONLINE LTD,0.428149202417529,days_to_next_accounts_due,2.0501542978303493,639.0,months_since_last_accounts_filing,1.748266119426142,1.0,segment,0.8993997768882986,Micro
12,10402530,ELLIS & FARAH LIMITED,0.4242173385878755,days_to_next_accounts_due,2.0371200203582633,631.0,months_since_last_accounts_filing,1.7111646191181429,1.0,segment,0.9864190709582679,Small
13,09609828,MBA TRAINING AND CONSULTANCY LIMITED,0.4183750593916329,days_to_next_accounts_due,2.0682132375065128,627.0,months_since_last_accounts_filing,1.7087028476051536,1.0,segment,0.9992205203641515,Small
14,11487443,CHC COACHING LTD,0.41718793823512973,days_to_next_accounts_due,2.0606502810154086,616.0,months_since_last_accounts_filing,1.697674142521019,1.0,segment,0.9767201169892727,Small
15,12153459,DANDOESLIGHTS LTD,0.40513437235621746,days_to_next_accounts_due,2.112911666171766,631.0,months_since_last_accounts_filing,1.7798526732048943,1.0,segment,0.9052999495240794,Micro
16,07046809,GROSVENOR POINT LIMITED,0.40310184025097934,days_to_next_accounts_due,2.060238799377,613.0,months_since_last_accounts_filing,1.6893571053913015,1.0,segment,0.9962042451137428,Small
17,09932771,TEN 0 EIGHT LTD,0.40037225899931644,days_to_next_accounts_due,2.0273098182380545,609.0,months_since_last_accounts_filing,1.7877760666755067,1.0,segment,0.9209221264617653,Micro
18,11602096,JAKE GURR FINANCIAL SERVICES LIMITED,0.39725335669235035,days_to_next_accounts_due,2.1095052339188145,619.0,months_since_last_accounts_filing,1.7743695325260214,1.0,segment,0.9107502795101604,Micro
19,03583482,KW PROPERTIES (COBBYDALE) LTD,0.3896984409771764,days_to_next_accounts_due,2.088424218574286,639.0,months_since_last_accounts_filing,1.8366083224684762,1.0,segment,0.870663249043497,Micro
20,11147688,FIRST BUSINESS DEVELOPMENT LTD,0.3878845872123988,days_to_next_accounts_due,2.019655920820258,609.0,months_since_last_accounts_filing,1.7689651053312947,1.0,segment,0.9097448887354108,Micro
21,09717071,RJD IT SERVICES LIMITED,0.38465721238801726,days_to_next_accounts_due,1.9741364582831797,613.0,months_since_last_accounts_filing,1.7758877865710563,1.0,segment,0.9090423373297588,Micro
22,04125587,88 MARINE PARADE BRIGHTON LIMITED,0.382405736911241,days_to_next_accounts_due,2.0886590991323395,621.0,months_since_last_accounts_filing,1.78958883803997,1.0,segment,0.8931675224893075,Micro
23,12227373,BE-ROLL LTD,0.3817126917159904,days_to_next_accounts_due,2.1104801934424815,632.0,months_since_last_accounts_filing,1.7619859985084416,1.0,segment,0.904242588689761,Micro
24,09386341,MEDICAL EXAM PREP LTD,0.37488350814607746,days_to_next_accounts_due,2.046984238281427,613.0,months_since_last_accounts_filing,1.7138587799483496,1.0,segment,0.9865615516545135,Small
25,06627205,S&W ACCOUNTANCY SERVICES LIMITED,0.372677043516294,days_to_next_accounts_due,2.0155170205529194,609.0,months_since_last_accounts_filing,1.7963049522088657,1.0,segment,0.8983876901158834,Micro
26,02006899,PMR SYSTEMS LTD,0.3725807637979245,days_to_next_accounts_due,1.9850105751671614,618.0,months_since_last_accounts_filing,1.7698299167740001,1.0,segment,0.7974226276750672,Micro
27,11635643,BRIDGLAND AND BRIDGLAND C/O LIMITED,0.369779953095269,days_to_next_accounts_due,1.9266688966026635,628.0,months_since_last_accounts_filing,1.587444416357298,1.0,segment,0.821940412716696,Micro
28,08369329,STARRY1HRCONSULTING LIMITED,0.3679226067004264,days_to_next_accounts_due,2.092712999262999,616.0,months_since_last_accounts_filing,1.7725547821478005,1.0,segment,0.9151644953961133,Micro
29,12923656,ACROSS THE LINE CONSULTING LTD,0.3662160530819937,days_to_next_accounts_due,2.0654443593726235,609.0,months_since_last_accounts_filing,1.7391493534266231,1.0,segment,0.9040575258530589,Micro
30,06491117,HIGHCURVE LIMITED,0.3610691105453485,days_to_next_accounts_due,2.054394027835759,613.0,months_since_last_accounts_filing,1.7898138830715487,1.0,segment,0.8943855580057225,Micro
31,11494446,UNIX ACCOUNTING LTD,0.35299681417119894,days_to_next_accounts_due,2.0682929580821723,618.0,months_since_last_accounts_filing,1.7622711647703402,1.0,segment,0.8854140065685795,Micro
32,04368718,PEAK BIOMEDICAL LTD,0.339132651143032,days_to_next_accounts_due,2.061768979035981,621.0,months_since_last_accounts_filing,1.786345999717421,1.0,segment,0.8703056273244936,Micro
33,03668232,XPRESSNET (UK) LTD,0.3376828309280907,days_to_next_accounts_due,1.602518375884574,623.0,months_since_last_accounts_filing,1.2826426509227213,1.0,segment,0.5611351833563831,Micro
34,09025988,SUMEK LTD,0.3374927130713032,days_to_next_accounts_due,2.0746853650501755,627.0,months_since_last_accounts_filing,1.7371144849764972,1.0,segment,0.9012741186767051,Micro
35,03322295,BRANTWOOD HOLDINGS LIMITED,0.3368046152031644,days_to_next_accounts_due,2.0574454857803732,612.0,months_since_last_accounts_filing,1.8514597690338157,1.0,segment,0.8729771349619665,Micro
36,13008682,FANCY DRAGON LIMITED,0.32245149734875744,days_to_next_accounts_due,1.9810976693186888,617.0,months_since_last_accounts_filing,1.6201380659410909,1.0,segment,0.9121340240949181,Micro
37,06054920,LIVING BRANDS LTD,0.30020187447480307,days_to_next_accounts_due,2.025957523844891,614.0,months_since_last_accounts_filing,1.6855740861929183,2.0,segment,0.8783497902654868,Micro
38,SC627776,LIZ WILSON COPYWRITING & COMMUNICATIONS LIMITED,0.2746153567217289,days_to_next_accounts_due,2.0247454851363216,618.0,months_since_last_accounts_filing,1.6917590887112515,1.0,segment,0.8524214745597187,Micro
39,12045967,SB CONSULTING SOLUTIONS LIMITED,0.27284778634790124,days_to_next_accounts_due,2.02421686974469,619.0,months_since_last_accounts_filing,1.693709254235968,1.0,segment,0.8502697632745669,Micro
40,04181698,HOWEFAB LTD,0.25902242230249767,days_to_next_accounts_due,1.8379461984704335,620.0,months_since_last_accounts_filing,1.6711859815627652,1.0,segment,0.8535383364503786,Micro
41,13361850,FLEXSEA LTD,0.2486267095338011,days_to_next_accounts_due,1.8973640127755842,623.0,months_since_last_accounts_filing,1.444467923117078,1.0,segment,0.9281348659074242,Small
42,14128047,GOWEB3 LTD,0.23995785018296178,days_to_next_accounts_due,2.0334162737755737,634.0,months_since_last_accounts_filing,1.474193910150621,1.0,segment,0.8572930849100808,Micro
43,09520069,WEBSNIPS LTD,0.23591175666332748,days_to_next_accounts_due,1.7834850369258783,610.0,months_since_last_accounts_filing,1.6530118038090476,1.0,segment,0.8147646682900908,Micro
44,14182255,ATC183 LIMITED,0.2334527852745441,days_to_next_accounts_due,2.182508075533867,616.0,months_since_last_accounts_filing,1.5504170124917533,1.0,segment,0.8440574913598562,Micro
45,10828250,ZAMEG STUDIOS LTD,0.23183290373372098,days_to_next_accounts_due,1.8693071331614373,639.0,months_since_last_accounts_filing,1.651367640217491,1.0,segment,0.8317414122003166,Micro
46,15069455,SAAM PRIVATE HIRE LTD,0.22884947771605726,days_to_next_accounts_due,2.136206795607658,630.0,months_since_last_accounts_filing,1.5603893312285024,1.0,segment,0.8837540960655765,Micro
47,08637989,STRATUS ACCOUNTING LIMITED,0.22864830030753674,months_since_last_accounts_filing,1.4342081448756476,2.0,days_to_next_accounts_due,0.9694598820947904,608.0,segment,0.9192648673018368,Micro
48,13500563,BLACKCAT NETWORKS LTD,0.22506115757669354,days_to_next_accounts_due,2.1376909825897425,620.0,months_since_last_accounts_filing,1.513830813954193,1.0,segment,0.8471343682349799,Micro
49,13637173,RURAL MENTAL HEALTH MATTERS LIMITED,0.22031133194726116,days_to_next_accounts_due,2.175070384245835,617.0,months_since_last_accounts_filing,1.5250931365736056,1.0,segment,0.8571204474584574,Micro
50,09037573,SAI TECH PVT. LTD,0.21606964502147707,months_since_last_accounts_filing,1.357048533252468,2.0,segment,0.995451484873785,Small,days_to_next_accounts_due,0.8617499630573083,608.0
51,09642494,SASHA BALLA PHOTOGRAPHY LTD.,0.21566712722013703,months_since_last_accounts_filing,1.3682984367838857,2.0,segment,1.0034919620374325,Small,days_to_next_accounts_due,0.8815383746924373,608.0
52,15123075,MILNE PUBLISHING LIMITED,0.21408814927010072,days_to_next_accounts_due,2.1848775190174363,614.0,months_since_last_accounts_filing,1.5853348403309244,1.0,segment,0.8681632230702135,Micro
53,09281484,FOUNTAIN RIDGE LTD,0.2133717081094769,days_to_next_accounts_due,1.8570410644858604,627.0,months_since_last_accounts_filing,1.4871856189024761,1.0,segment,0.7794626387530993,Micro
54,09068362,MESSRS. KICK & DRUM LTD,0.20945894760536493,days_to_next_accounts_due,1.9136667776937226,629.0,months_since_last_accounts_filing,1.4816701737268752,1.0,segment,0.8497730768554012,Micro
55,15774674,CHARGING AHEAD LIMITED,0.2086295037067191,days_to_next_accounts_due,2.0327181828663,639.0,months_since_last_accounts_filing,1.422594804979188,1.0,segment,0.8693475575242351,Micro
56,10205768,FERN FINANCIAL PLANNING LIMITED,0.20673276586593436,months_since_last_accounts_filing,1.3509182969383768,2.0,segment,0.9895405831792918,Small,days_to_next_accounts_due,0.8690936852232078,608.0
57,15147181,BEDRE AND BEDRE LIMITED,0.2062292299244617,days_to_next_accounts_due,2.197474147189955,628.0,months_since_last_accounts_filing,1.5698829679633386,1.0,segment,0.8676636159758279,Micro
58,10158846,EN DASH LIMITED,0.2053426566257471,months_since_last_accounts_filing,1.4228895059400213,2.0,days_to_next_accounts_due,0.9581926434788631,608.0,segment,0.89980412243377,Micro
59,10175585,INFINITY OFFICE LIMITED,0.20472499887296186,months_since_last_accounts_filing,1.4594143174364196,2.0,days_to_next_accounts_due,1.005641836744832,608.0,segment,0.900191292196146,Micro
60,08302799,HUMBERSIDE BLOCKS (2012) LIMITED,0.20267051068304193,months_since_last_accounts_filing,1.292054390286499,32.0,Mortgages.NumMortCharges,0.6421225373856714,11.0,segment,0.513024166912305,Small
61,12018992,SAMUEL E LEWIS LTD,0.20243008327456896,months_since_last_accounts_filing,1.415414761515332,2.0,days_to_next_accounts_due,0.9674751814291247,608.0,segment,0.8864847788738212,Micro
62,14693500,LEGALBNM LTD,0.20191583705450733,days_to_next_accounts_due,2.2092594984003227,630.0,months_since_last_accounts_filing,1.5575253198356904,1.0,segment,0.8453226006354253,Micro
63,08526604,JAMJAR CONSULTING LIMITED,0.20096178518733188,months_since_last_accounts_filing,1.444369418602856,2.0,days_to_next_accounts_due,0.9864405307406835,608.0,segment,0.9237014892901623,Micro
64,11348640,HGGL CONSULTING LTD,0.2003025601867217,months_since_last_accounts_filing,1.4154466301187119,2.0,days_to_next_accounts_due,0.9549207845170661,608.0,segment,0.8977682372107886,Micro
65,05842285,ANDREW CAMPBELL LIMITED,0.20028907345538408,days_to_next_accounts_due,1.7652243500234392,639.0,months_since_last_accounts_filing,1.4532864977070143,1.0,segment,0.8195820064214585,Micro
66,10751467,STUART POND DESIGN LIMITED,0.19997756738348807,months_since_last_accounts_filing,1.4612954214179803,2.0,days_to_next_accounts_due,0.9948137092786257,608.0,segment,0.8969239940272187,Micro
67,07428128,INPHTECH LIMITED,0.19947752081496387,months_since_last_accounts_filing,1.3670745053928204,2.0,segment,0.9868478067912986,Small,days_to_next_accounts_due,0.8665206436606867,608.0
68,13614669,HIQMA LIMITED,0.19878965103134416,days_to_next_accounts_due,2.161084149526913,626.0,months_since_last_accounts_filing,1.4915903124269478,1.0,segment,0.8374490287868437,Micro
69,14967796,GHETTO LABEL U.S. LEGACY RECORDS LIMITED,0.19866701144915702,days_to_next_accounts_due,2.1848678204228014,618.0,months_since_last_accounts_filing,1.545050575895847,1.0,segment,0.8570879591501558,Micro
70,08557939,BANKS & SIMPSON CONSULTANCY LIMITED,0.19765530655074334,months_since_last_accounts_filing,1.434225159927547,2.0,days_to_next_accounts_due,0.9653856481242706,608.0,segment,0.9202828165545633,Micro
71,04420590,HEALTH AND SAFETY SERVICES (UK) LIMITED,0.19751454237826435,months_since_last_accounts_filing,1.416669069808792,2.0,days_to_next_accounts_due,0.9466390148424815,608.0,segment,0.8620764884048147,Micro
72,08415666,SSS ENGINEERING SERVICES LTD,0.1901128873996454,months_since_last_accounts_filing,1.1286626243308444,29.0,Mortgages.NumMortCharges,0.5654273354128836,5.0,segment,0.43912227778011714,Small
73,09042505,UKTTF LIMITED,0.1887967665426409,months_since_last_accounts_filing,1.2368323767409979,26.0,Mortgages.NumMortCharges,0.6787195517072752,4.0,months_since_last_confstmt,0.45528730453213084,15.0
74,13813174,LAKESHORE CONSULTING LTD,0.1880536548908111,days_to_next_accounts_due,2.20076458180128,624.0,months_since_last_accounts_filing,1.4896079646360498,1.0,segment,0.8316051376094449,Micro
75,06264478,M PHILLIPS CONSULTANTS LTD,0.18742606925195335,months_since_last_accounts_filing,1.3788075788333733,2.0,segment,0.9686452905866333,Small,days_to_next_accounts_due,0.863532971298508,608.0
76,09765349,MAKROSOFT LIMITED,0.18685856096418024,months_since_last_accounts_filing,1.5067492815831436,2.0,days_to_next_accounts_due,1.0274990042191643,608.0,segment,0.9108491523510952,Micro
77,SC184280,COWIE SEAFOODS LIMITED,0.18432440226448632,months_since_last_accounts_filing,1.2719243648447094,28.0,Mortgages.NumMortCharges,0.5916666168360124,4.0,segment,0.45784606358916063,Small
78,03310580,THE PROACTIVE ACCOUNTANT LTD,0.1803516792057601,days_to_next_accounts_due,1.9665177622444254,639.0,months_since_last_accounts_filing,1.5798762793991392,1.0,segment,0.8050682284203399,Micro
79,08954533,AJM FINANCIAL SERVICES LONDON LTD,0.17911953327699742,months_since_last_accounts_filing,1.4438522072112931,2.0,days_to_next_accounts_due,1.0223849777331921,608.0,segment,0.9754299553135664,Small
80,12620180,HARDOWN LTD,0.17870716192824548,months_since_last_accounts_filing,1.3519817960360185,2.0,segment,0.9780282396564549,Small,days_to_next_accounts_due,0.8835487392974655,608.0
81,12686388,MORE THAN VENICE LTD,0.17857268399730578,days_to_next_accounts_due,1.7236845831364327,639.0,months_since_last_accounts_filing,1.3234547676901391,1.0,segment,0.8610975445342415,Micro
82,01006739,APPLIED PHOTOPHYSICS LIMITED,0.17857035461762294,months_since_last_accounts_filing,1.569726971044862,25.0,Mortgages.NumMortCharges,0.5704370090687824,16.0,segment,0.547472616250892,Small
83,16983519,EUROVIEW AG LTD,0.17800294935151037,Mortgages.NumMortCharges,1.8723232933227156,3.0,months_since_last_accounts_filing,0.6837247958208853,nan,sector,0.5140973887329385,Manufacturing
84,10844218,SIAN DAVEY PHOTOGRAPHY LTD,0.17722558330212762,months_since_last_accounts_filing,1.4555821738363062,2.0,days_to_next_accounts_due,1.0245181165469321,608.0,segment,0.9593924943119957,Small
85,04781357,GRACE PRODUCTIONS LIMITED,0.17671390462968312,months_since_last_accounts_filing,1.3524204471830168,2.0,segment,0.9602081006107401,Small,days_to_next_accounts_due,0.8725420510020911,608.0
86,11392308,SPACETIME LABS LIMITED,0.17662436335301737,days_to_next_accounts_due,1.853620849579397,639.0,months_since_last_accounts_filing,1.4699995752094746,1.0,segment,0.8307795744986867,Micro
87,15324653,BUDDY MOON LTD,0.17636898099917994,days_to_next_accounts_due,2.136683157976551,616.0,months_since_last_accounts_filing,1.4958124468236855,1.0,segment,0.8074633615728517,Micro
88,09577543,RGL ASSOCIATES LIMITED,0.1763433311747713,months_since_last_accounts_filing,1.537012222157819,2.0,days_to_next_accounts_due,1.0690718341647403,608.0,segment,0.9080643539959455,Micro
89,08531702,ISLE OF WIGHT JOBS LIMITED,0.17619729255806912,months_since_last_accounts_filing,1.396025611530859,2.0,days_to_next_accounts_due,0.9907520669439387,608.0,segment,0.9828952425223476,Small
90,08397116,MASTER-CLOUD LTD.,0.1756556471358713,days_to_next_accounts_due,1.9508091845721935,636.0,months_since_last_accounts_filing,1.5277732046603203,1.0,segment,0.8480678514323514,Micro
91,12630918,HEGETOR LTD,0.17550864324253954,months_since_last_accounts_filing,1.431765531411279,2.0,days_to_next_accounts_due,1.0101112393591836,608.0,segment,0.8922907792631896,Micro
92,09064144,GC DYNAMICS LTD,0.1750084006171566,months_since_last_accounts_filing,1.3567737550498185,2.0,segment,0.9151316544976463,Micro,days_to_next_accounts_due,0.8893391674983031,608.0
93,10170660,SAHASRA FUSION TECHNOLOGIES LIMITED,0.17494660299174056,months_since_last_accounts_filing,1.4743279675378818,2.0,days_to_next_accounts_due,1.0174234523589363,608.0,segment,0.906199513581802,Micro
94,05394508,NASMYTH DOUGHTY LIMITED,0.17427563008587946,months_since_last_accounts_filing,1.1208891590453243,51.0,Mortgages.NumMortCharges,0.7104913431861962,13.0,months_since_last_confstmt,0.4411769516826876,16.0
95,07263317,KHAN CONSULTING LTD,0.172810073087695,months_since_last_accounts_filing,1.345200331118402,2.0,days_to_next_accounts_due,0.9118887465287008,608.0,segment,0.8325499126916692,Micro
96,06587174,MOS MANAGEMENT SERVICES LIMITED,0.17221278256854525,months_since_last_accounts_filing,1.3420176562797232,2.0,segment,0.9774722926405458,Small,days_to_next_accounts_due,0.8633770132216595,608.0
97,10198306,VATAX ACCOUNTANCY SERVICES LTD,0.17145208609710164,months_since_last_accounts_filing,1.542326250507579,2.0,days_to_next_accounts_due,1.0816915583605489,608.0,segment,0.8803258885968872,Micro
98,12020842,PRICE CREATIVE LTD,0.17109698979767013,months_since_last_accounts_filing,1.4431782722741502,2.0,days_to_next_accounts_due,0.9992957587970386,608.0,segment,0.8815320958018538,Micro
99,10902333,INFINITE CHIMP LTD,0.17070413884990918,months_since_last_accounts_filing,1.5092650630584126,2.0,days_to_next_accounts_due,1.0418996970677201,608.0,segment,0.890489594769127,Micro
100,07272851,PHAYS LTD,0.17042134983706167,months_since_last_accounts_filing,1.5193631385203514,2.0,days_to_next_accounts_due,1.0612665009092166,608.0,segment,0.8893754619557481,Micro
